{"loss": [1.1882532835006714, 0.39467132091522217, 0.24497200548648834, 0.1674257218837738, 0.13307610154151917, 0.10288991779088974, 0.08204954862594604, 0.0714258924126625, 0.06234145537018776, 0.054281171411275864], "accuracy": [0.6451383233070374, 0.8716694116592407, 0.9195390939712524, 0.9453019499778748, 0.9556867480278015, 0.9658012390136719, 0.9724304676055908, 0.9762429594993591, 0.9787893891334534, 0.9822888970375061], "val_loss": [0.5025367736816406, 0.34942445158958435, 0.20695658028125763, 0.18658702075481415, 0.19401855766773224, 0.27303650975227356, 0.18913063406944275, 0.16627418994903564, 0.1301777958869934, 0.17738813161849976], "val_accuracy": [0.8400865197181702, 0.8881174325942993, 0.9314818978309631, 0.9393922090530396, 0.9386523962020874, 0.9161734580993652, 0.9438310861587524, 0.9476439952850342, 0.9608467817306519, 0.9487821459770203]}