{"loss": [1.0514121055603027, 0.3559059500694275, 0.22404947876930237, 0.1516658365726471, 0.11696812510490417, 0.09549692273139954, 0.07651393860578537, 0.06594027578830719, 0.057395223528146744, 0.04957803338766098], "accuracy": [0.686350405216217, 0.8865068554878235, 0.9272636771202087, 0.9501102566719055, 0.961206316947937, 0.9690589904785156, 0.9740806818008423, 0.9779358506202698, 0.9813215732574463, 0.9841240644454956], "val_loss": [0.42096415162086487, 0.3161396086215973, 0.18283218145370483, 0.17010587453842163, 0.1652846336364746, 0.15223929286003113, 0.1321844756603241, 0.15207776427268982, 0.16450124979019165, 0.11827056854963303], "val_accuracy": [0.8643296360969543, 0.8976781368255615, 0.9416685700416565, 0.945026159286499, 0.9482699632644653, 0.9523105025291443, 0.9602777361869812, 0.954757571220398, 0.9535624980926514, 0.9642044305801392]}